City_ID,City,Cloudiness,Country,Date,Humidity,Lat,Lng,Max Temp,Wind Speed
0,hermanus,24,ZA,1517385775,68,-34.42,19.24,68.87,6.53
1,kaputa,68,ZM,1517385775,84,-8.47,29.66,73.91,3.29
2,mpanda,92,TZ,1517385775,89,-6.34,31.07,72.25,2.73
3,chokurdakh,88,RU,1517385776,61,70.62,147.9,-20.77,3.51
4,iqaluit,20,CA,1517382000,76,63.75,-68.52,-11.21,6.93
5,bluff,0,AU,1517385776,33,-23.58,149.07,88.67,3.74
6,goure,0,NE,1517385777,31,13.98,10.27,69.32,17.72
7,hobart,20,AU,1517382000,61,-42.88,147.33,59.0,17.22
8,provideniya,56,RU,1517385777,100,64.42,-173.23,22.84,2.95
9,la ronge,90,CA,1517382000,70,55.1,-105.3,-4.01,10.29
10,manta,0,RO,1517385778,64,45.1,24.1,35.21,4.07
11,mataura,92,NZ,1517385779,37,-46.19,168.86,77.29,17.94
12,yellowknife,5,CA,1517382000,74,62.45,-114.38,-23.81,6.93
13,mehamn,20,NO,1517381400,78,71.03,27.85,19.4,11.41
14,punta arenas,75,CL,1517382000,81,-53.16,-70.91,44.6,10.29
15,pisco,0,PE,1517382000,83,-13.71,-76.2,69.8,8.05
16,blackwater,75,GB,1517383320,100,51.33,-0.78,46.4,19.46
17,leshukonskoye,64,RU,1517385781,76,64.9,45.76,16.54,4.41
18,bredasdorp,12,ZA,1517382000,53,-34.53,20.04,71.6,10.29
19,tambacounda,0,SN,1517385782,19,13.77,-13.67,75.17,13.47
20,hongjiang,76,CN,1517385783,76,27.21,109.83,36.97,5.75
21,georgetown,0,GY,1517382000,94,6.8,-58.16,71.6,5.19
22,cape town,20,ZA,1517382000,56,-33.93,18.42,69.8,23.04
23,puerto ayora,88,EC,1517385784,100,-0.74,-90.35,74.9,4.85
24,ponta do sol,92,BR,1517385785,99,-20.63,-46.0,66.62,2.17
25,effingham,1,US,1517381700,61,39.12,-88.54,33.8,11.41
26,vaini,0,IN,1517385785,28,15.34,74.49,86.24,7.09
27,nikolskoye,40,RU,1517383800,85,59.7,30.79,15.8,8.95
28,bambanglipuro,76,ID,1517385787,100,-7.95,110.28,75.94,7.43
29,qaanaaq,44,GL,1517385787,100,77.48,-69.36,-18.07,5.97
30,jamestown,88,AU,1517385583,71,-33.21,138.6,59.78,11.68
31,komsomolskiy,76,RU,1517385789,85,67.55,63.78,9.02,8.21
32,ushuaia,75,AR,1517382000,52,-54.81,-68.31,42.8,3.36
33,kapaa,75,US,1517381760,68,22.08,-159.32,69.8,10.29
34,bichura,48,RU,1517385791,53,50.59,107.6,5.69,7.2
35,avarua,90,CK,1517382000,78,-21.21,-159.78,80.6,9.17
36,longyearbyen,20,NO,1517383200,71,78.22,15.63,5.0,11.41
37,severo-yeniseyskiy,68,RU,1517385792,73,60.37,93.04,10.1,5.08
38,port lincoln,92,AU,1517385792,81,-34.72,135.86,67.79,16.71
39,aswan,0,EG,1517382000,47,24.09,32.9,57.2,8.05
40,albany,75,US,1517381640,57,42.65,-73.75,17.6,6.93
41,atuona,88,PF,1517385794,100,-9.8,-139.03,81.34,15.48
42,poum,0,MK,1517383800,69,41.28,20.71,39.2,0.83
43,new norfolk,20,AU,1517383800,38,-42.78,147.06,59.0,18.34
44,barrow,0,AR,1517385795,76,-38.31,-60.23,56.0,8.21
45,riachao das neves,20,BR,1517385796,94,-11.75,-44.91,63.52,2.73
46,saint-philippe,1,CA,1517382000,71,45.36,-73.48,10.4,4.7
47,anadyr,75,RU,1517382000,77,64.73,177.51,1.4,11.18
48,yar-sale,68,RU,1517385797,90,66.83,70.83,9.74,16.26
49,muros,90,ES,1517383800,100,42.77,-9.06,37.4,3.36
50,santa maria,0,BR,1517385800,90,-29.69,-53.81,63.74,8.21
51,esperance,40,TT,1517382000,94,10.24,-61.45,73.4,6.2
52,carnarvon,8,ZA,1517385800,46,-30.97,22.13,73.69,11.01
53,torbay,90,CA,1517384580,100,47.66,-52.73,44.6,25.28
54,tabuk,92,PH,1517385801,95,17.41,121.44,67.61,1.95
55,jalu,0,LY,1517385801,73,29.03,21.55,55.46,4.63
56,panama city,1,US,1517381760,56,30.16,-85.65,41.0,4.7
57,verkhnevilyuysk,68,RU,1517385802,47,63.45,120.31,-29.14,2.95
58,ashtian,0,IR,1517385803,91,34.52,50.0,26.8,3.29
59,pangnirtung,36,CA,1517385803,73,66.15,-65.72,-16.81,6.31
60,yantal,56,RU,1517385804,59,56.85,105.25,4.43,6.42
61,tuktoyaktuk,24,CA,1517382000,100,69.44,-133.03,-14.81,4.7
62,ribeira grande,75,PT,1517383800,66,38.52,-28.7,55.4,8.05
63,castro,8,CL,1517385805,95,-42.48,-73.76,41.15,2.51
64,busselton,0,AU,1517385806,72,-33.64,115.35,80.03,9.78
65,mahebourg,40,MU,1517382000,70,-20.41,57.7,86.0,12.75
66,port alfred,32,ZA,1517385807,87,-33.59,26.89,71.57,9.55
67,port hardy,90,CA,1517384460,100,50.7,-127.42,33.8,3.36
68,kotido,0,UG,1517385808,32,3.01,34.12,86.2,13.02
69,airai,76,TL,1517385808,88,-8.93,125.41,73.15,3.18
70,khatanga,64,RU,1517385809,66,71.98,102.47,-8.76,3.18
71,lorengau,68,PG,1517385809,100,-2.02,147.27,83.32,13.58
72,chengde,0,CN,1517385809,31,40.97,117.93,21.8,4.29
73,zyryanovsk,0,KZ,1517385810,73,49.74,84.27,6.82,2.84
74,mareeba,75,AU,1517383800,70,-16.99,145.42,84.2,6.93
75,pontes e lacerda,44,BR,1517385811,95,-15.23,-59.33,70.22,2.62
76,naqadeh,0,IR,1517385811,95,36.96,45.39,33.05,5.41
77,upernavik,36,GL,1517385812,100,72.79,-56.15,-2.14,5.97
78,binzhou,0,CN,1517385812,45,37.38,117.96,29.54,3.18
79,holme,92,GB,1517383200,80,53.7,-2.31,42.8,17.22
80,lagoa,0,PT,1517383800,62,37.14,-8.45,55.4,11.41
81,rikitea,24,PF,1517385814,100,-23.12,-134.97,77.42,9.66
82,butaritari,88,KI,1517385814,100,3.07,172.79,82.15,15.7
83,merauke,92,ID,1517385815,77,-8.49,140.4,86.24,13.24
84,port loko,0,SL,1517385815,72,8.77,-12.79,79.31,4.29
85,soto la marina,0,MX,1517385816,88,23.77,-98.21,49.39,2.39
86,ancud,0,CL,1517385816,83,-41.87,-73.83,40.3,3.51
87,hilo,90,US,1517381760,78,19.71,-155.08,73.4,3.36
88,havre-saint-pierre,75,CA,1517385480,84,50.23,-63.6,6.8,25.28
89,umtata,90,ZA,1517382000,82,-31.59,28.78,66.2,9.17
90,fuyu,20,CN,1517385818,76,47.79,124.46,-3.58,3.62
91,kahului,40,US,1517381760,83,20.89,-156.47,71.6,11.41
92,imeni poliny osipenko,0,RU,1517385819,59,52.42,136.49,-20.32,3.4
93,tuatapere,92,NZ,1517385819,100,-46.13,167.69,58.12,13.24
94,saskylakh,48,RU,1517385820,47,71.97,114.09,-28.96,3.29
95,gurlan,0,UZ,1517383800,33,41.84,60.39,28.4,4.7
96,tacuarembo,20,UY,1517385822,94,-31.73,-55.98,63.83,7.2
97,bambous virieux,40,MU,1517382000,70,-20.34,57.76,86.0,12.75
98,coquimbo,0,CL,1517382000,93,-29.95,-71.34,55.4,3.36
99,olinda,75,EC,1517382000,88,-2.03,-79.75,75.2,5.82
100,avera,1,US,1517381700,86,33.19,-82.53,35.6,3.29
101,los llanos de aridane,20,ES,1517383800,58,28.66,-17.92,59.0,3.36
102,ammon,40,US,1517382540,80,43.47,-111.97,33.8,16.11
103,priego de cordoba,0,ES,1517383800,93,37.44,-4.2,41.0,1.12
104,severo-kurilsk,32,RU,1517385826,100,50.68,156.12,21.8,7.76
105,mayskiy,90,RU,1517383800,80,43.63,44.06,35.6,6.71
106,nagato,75,JP,1517382000,65,34.35,131.14,42.8,3.36
107,raton,1,US,1517381640,18,36.9,-104.44,46.4,10.29
108,sobolevo,68,RU,1517385828,80,54.43,31.9,19.37,20.51
109,bethel,1,US,1517381580,71,60.79,-161.76,8.6,17.22
110,hithadhoo,0,MV,1517385830,100,-0.6,73.08,81.83,6.42
111,kruisfontein,80,ZA,1517385830,98,-34.0,24.73,65.9,8.66
112,talnakh,80,RU,1517385831,91,69.49,88.39,7.54,17.27
113,mahibadhoo,36,MV,1517385831,100,3.78,72.97,81.25,22.08
114,araxa,92,BR,1517385832,98,-19.59,-46.94,65.27,3.4
115,east london,90,ZA,1517384820,93,-33.02,27.91,66.2,8.05
116,prince rupert,90,CA,1517385300,100,54.32,-130.32,35.6,4.7
117,castelo do piaui,8,BR,1517385833,90,-5.32,-41.55,68.74,4.52
118,miandrivazo,0,MG,1517385834,90,-19.53,45.46,83.9,3.62
119,hami,0,CN,1517385835,60,42.84,93.51,19.46,3.74
120,heihe,0,RU,1517383800,41,50.24,127.51,3.2,4.47
121,tasiilaq,88,GL,1517381400,73,65.61,-37.64,26.6,3.36
122,alcudia,20,ES,1517383800,100,39.85,3.12,39.2,0.16
123,touros,80,BR,1517385837,89,-5.2,-35.46,79.09,11.23
124,jeremoabo,0,BR,1517385837,87,-10.08,-38.34,70.27,8.43
125,vrede,24,ZA,1517385838,78,-27.43,29.16,67.7,1.39
126,cherskiy,0,RU,1517385839,70,68.75,161.3,20.59,8.21
127,insch,12,GB,1517383200,69,57.34,-2.61,35.6,9.17
128,tura,20,IN,1517385839,61,25.52,90.21,69.68,3.18
129,nelson bay,90,AU,1517384460,60,-32.72,152.14,69.8,17.22
130,cayenne,92,GF,1517383800,88,4.94,-52.33,78.8,5.82
131,labuan,75,BN,1517382000,78,5.28,115.24,86.0,4.7
132,lebu,0,ET,1517385841,32,8.96,38.73,69.82,7.2
133,hudson bay,44,CA,1517385842,60,52.86,-102.4,-3.27,7.99
134,saint-felicien,90,CA,1517382000,70,48.65,-72.45,-0.41,11.41
135,kodiak,1,US,1517381580,45,39.95,-94.76,44.6,19.46
136,amguri,20,IN,1517382000,60,26.81,94.53,73.4,5.82
137,ormara,0,PK,1517385844,84,25.21,64.64,73.37,7.65
138,erie,1,US,1517381760,72,42.13,-80.09,12.2,6.93
139,morant bay,20,JM,1517382000,78,17.88,-76.41,78.8,5.82
140,ippy,0,CF,1517385845,46,6.26,21.2,78.95,15.48
141,ilulissat,48,GL,1517381400,54,69.22,-51.1,3.2,10.29
142,thompson,90,CA,1517382000,76,55.74,-97.86,-5.81,13.87
143,kavaratti,0,IN,1517385800,100,10.57,72.64,82.6,8.88
144,naze,20,NG,1517382000,94,5.43,7.07,69.8,6.76
145,lunen,90,NL,1517384340,93,51.78,5.74,50.0,18.34
146,guarapari,90,BR,1517382000,100,-20.67,-40.5,75.2,5.82
147,arraial do cabo,88,BR,1517385849,100,-22.97,-42.02,71.75,10.56
148,coihueco,0,CL,1517382000,62,-36.63,-71.83,55.4,12.75
149,saint-pierre,92,FR,1517383800,93,48.95,4.24,46.4,19.46
150,mar del plata,12,AR,1517385851,68,-46.43,-67.52,52.31,18.95
151,bato,68,PH,1517385852,96,13.36,123.37,76.34,4.29
152,san jose,76,PH,1517385842,83,15.79,120.99,76.12,3.06
153,lompoc,1,US,1517381880,81,34.64,-120.46,50.0,3.36
154,lahaina,1,US,1517381760,88,20.87,-156.68,71.6,3.36
155,cabo san lucas,8,MX,1517385802,100,22.89,-109.91,71.48,4.41
156,whitehorse,90,CA,1517382000,70,60.72,-135.06,-2.21,9.17
157,fairbanks,1,US,1517381880,84,64.84,-147.72,1.4,8.05
158,liverpool,40,GB,1517383200,86,53.41,-2.98,42.8,20.8
159,vardo,1,US,1517381700,61,39.62,-77.74,21.2,9.17
160,hastings,0,NZ,1517385809,69,-39.64,176.84,74.99,17.05
161,rawson,0,AR,1517385896,36,-43.3,-65.11,55.28,16.49
162,badarpur,0,IN,1517385898,64,24.87,92.56,73.64,3.06
163,adrar,40,DZ,1517382000,23,27.87,-0.29,62.6,11.41
164,honiara,75,SB,1517382000,83,-9.43,159.96,82.4,3.36
165,isangel,12,VU,1517385900,97,-19.55,169.27,83.12,3.83
166,grand forks,1,US,1517381760,61,47.91,-97.06,17.6,19.46
167,meulaboh,24,ID,1517385903,100,4.14,96.13,83.98,8.75
168,yulara,75,AU,1517382000,65,-25.24,130.99,82.4,8.05
169,telde,20,ES,1517383800,71,27.99,-15.42,55.4,5.82
170,chernyshevskiy,56,RU,1517385906,75,63.01,112.47,-7.38,4.5
171,shima,75,JP,1517383800,48,34.34,136.82,44.6,12.75
172,rocha,20,UY,1517385907,96,-34.48,-54.34,63.23,5.84
173,tuyen quang,88,VN,1517385909,98,21.82,105.22,50.81,3.04
174,gondanglegi,76,ID,1517385911,81,-7.75,112.01,79.12,3.27
175,vila franca do campo,75,PT,1517383800,62,37.72,-25.43,57.2,6.93
176,chilca,75,PE,1517382000,81,-13.22,-72.34,48.2,2.24
177,hatillo,24,PR,1517385913,94,18.49,-66.83,75.7,10.65
178,inhambane,40,MZ,1517382000,70,-23.87,35.38,86.0,13.87
179,loncoche,0,CL,1517385915,83,-39.37,-72.63,41.36,3.38
180,san jeronimo,20,PE,1517385915,100,-13.65,-73.37,40.15,1.92
181,westport,40,IE,1517383800,80,53.8,-9.52,33.8,23.04
182,xining,0,CN,1517385917,20,36.62,101.77,25.43,3.15
183,itaqui,32,BR,1517385918,84,-29.13,-56.55,69.35,14.34
184,vila velha,40,BR,1517382000,78,-3.71,-38.6,80.6,13.87
185,abnub,0,EG,1517382000,81,27.27,31.15,50.0,6.93
186,aklavik,40,CA,1517382000,67,68.22,-135.01,-25.61,2.24
187,luderitz,0,NA,1517382000,68,-26.65,15.16,71.6,21.92
188,fortuna,20,ES,1517383800,93,38.18,-1.13,50.0,8.05
189,juneau,75,US,1517381580,62,58.3,-134.42,23.0,2.71
190,camocim,88,BR,1517385922,94,-2.9,-40.84,77.27,10.2
191,olden,75,NO,1517383200,86,61.84,6.81,42.8,4.7
192,kota kinabalu,75,MY,1517383800,70,5.98,116.07,89.6,2.24
193,taltal,48,CL,1517385923,99,-25.41,-70.49,55.22,1.03
194,faanui,76,PF,1517385923,100,-16.48,-151.75,83.03,7.29
195,katsuura,75,JP,1517382000,45,33.93,134.5,42.8,8.05
196,el alto,75,BO,1517382000,93,-16.5,-68.19,44.6,2.24
197,norman wells,75,CA,1517382000,66,65.28,-126.83,-32.81,2.24
198,geraldton,90,CA,1517382840,92,49.72,-86.95,12.2,8.05
199,whitianga,92,NZ,1517385926,98,-36.83,175.7,72.14,21.72
200,sile,1,US,1517381700,40,35.56,-106.37,42.8,2.37
201,peabiru,0,BR,1517382000,83,-23.91,-52.35,69.8,9.17
202,egvekinot,0,RU,1517385928,58,66.32,-179.17,-2.16,2.37
203,orumiyeh,20,IR,1517382000,50,37.55,45.08,28.4,3.71
204,viedma,0,AR,1517385929,65,-40.81,-62.99,53.96,9.42
205,banda aceh,76,ID,1517385929,100,5.56,95.32,77.72,1.14
206,constitucion,12,MX,1517385930,78,23.99,-104.67,34.48,2.37
207,karratha,92,AU,1517385842,32,-20.74,116.85,93.4,11.68
208,honningsvag,20,NO,1517381400,78,70.98,25.97,14.0,11.41
209,russell,40,AR,1517382000,60,-33.01,-68.8,73.4,6.93
210,nioro,0,GM,1517385931,37,13.79,-15.05,69.26,13.67
211,abu samrah,0,SY,1517385932,89,35.3,37.18,54.59,4.61
212,makueni,0,KE,1517385932,59,-1.8,37.62,77.99,6.4
213,maniitsoq,64,GL,1517385933,100,65.42,-52.9,7.93,4.38
214,arona,90,IT,1517383200,93,45.76,8.56,42.8,3.36
215,tobane,0,BW,1517382000,61,-21.91,28.04,80.6,3.36
216,tiksi,0,RU,1517385936,76,71.64,128.87,-37.71,4.61
217,townsville,0,AU,1517385600,58,-19.26,146.82,87.8,8.05
218,salta,90,AR,1517382000,94,-24.79,-65.41,71.6,3.36
219,hof,75,DE,1517383200,86,50.32,11.92,37.4,13.87
220,meybod,20,IR,1517382000,85,32.25,54.02,39.2,2.24
221,verkhniy avzyan,0,RU,1517385940,60,53.53,57.54,9.1,7.96
222,varzea da palma,92,BR,1517385941,100,-17.6,-44.73,68.0,4.05
223,verkh-usugli,20,RU,1517385942,63,52.7,115.17,-1.57,4.16
224,omis,0,HR,1517383800,93,43.44,16.69,42.8,1.59
225,arlit,0,NE,1517385944,74,18.74,7.39,64.31,4.61
226,dhemaji,20,IN,1517383800,56,27.48,94.56,73.4,3.36
227,bubaque,36,GW,1517382000,45,11.28,-15.83,64.4,9.17
228,luganville,92,VU,1517385945,100,-15.51,167.18,79.88,7.74
229,namatanai,92,PG,1517385946,97,-3.66,152.44,84.38,12.44
230,dikson,88,RU,1517385946,99,73.51,80.55,7.57,13.11
231,mount gambier,0,AU,1517385650,51,-37.83,140.78,62.03,8.77
232,marystown,92,CA,1517385947,85,47.17,-55.16,45.77,32.46
233,bayan,56,MN,1517385948,61,47.25,107.54,8.33,6.96
234,kasangulu,90,CD,1517383740,83,-4.59,15.17,78.8,2.24
235,inta,80,RU,1517385948,72,66.04,60.13,12.83,5.06
236,huilong,68,CN,1517385950,72,28.89,110.18,37.04,2.71
237,boyolangu,76,ID,1517385950,81,-8.09,111.9,79.12,3.27
238,nadym,24,RU,1517385950,81,65.53,72.51,6.4,12.21
239,tautira,75,PF,1517385600,74,-17.73,-149.15,80.6,3.36
240,mbandaka,32,CD,1517385952,74,0.05,18.26,84.56,2.37
241,stillwater,1,US,1517381700,39,36.12,-97.06,51.8,13.87
242,kodinsk,32,RU,1517385952,58,58.6,99.18,2.21,5.06
243,kavieng,48,PG,1517385953,100,-2.57,150.8,82.4,11.77
244,juba,44,EE,1517381400,79,57.82,26.93,24.8,1.12
245,banes,75,CU,1517385060,94,20.96,-75.72,71.6,3.36
246,uthal,0,PK,1517385954,49,25.81,66.62,78.98,4.83
247,alice springs,24,AU,1517383800,36,-23.7,133.88,93.2,10.29
248,santona,75,ES,1517383800,81,43.44,-3.46,46.4,9.17
249,hay river,20,CA,1517382000,75,60.82,-115.79,-18.41,4.7
250,kushima,75,JP,1517382000,100,31.5,131.29,48.2,1.12
251,rio grande,76,BR,1517385956,91,-32.03,-52.1,72.37,9.19
252,victoria,75,BN,1517383800,78,5.28,115.24,84.2,4.7
253,sankt wendel,90,DE,1517383380,100,49.47,7.17,46.4,10.29
254,saint george,0,GR,1517383200,66,39.45,22.34,50.0,5.82
255,biltine,0,TD,1517385959,30,14.53,20.93,72.86,16.91
256,chuy,0,UY,1517385959,95,-33.69,-53.46,65.35,6.51
257,puri,40,ID,1517382000,83,-7.54,112.45,82.4,12.75
258,redding,1,US,1517381640,93,40.59,-122.39,44.6,1.16
259,laguna,32,MX,1517385960,67,27.52,-110.01,55.0,2.26
260,hamilton,75,BM,1517381700,59,32.3,-64.78,62.6,25.28
261,port elizabeth,1,US,1517381760,44,39.31,-74.98,23.0,6.93
262,bose,75,IT,1517383200,93,45.46,8.01,41.0,1.12
263,richards bay,44,ZA,1517385962,70,-28.77,32.06,79.97,16.35
264,athens,1,US,1517381880,85,34.8,-86.97,28.4,8.63
265,mao,75,DO,1517382000,100,19.55,-71.08,69.8,5.64
266,ossora,88,RU,1517385963,97,59.24,163.07,32.0,14.23
267,amapa,92,HN,1517385964,100,15.09,-87.97,64.76,2.15
268,dicabisagan,76,PH,1517385964,100,17.08,122.42,73.45,4.16
269,usak,0,TR,1517381400,86,38.67,29.41,33.8,2.24
270,raymond,20,US,1517381760,52,43.04,-71.18,19.4,12.75
271,rio gallegos,40,AR,1517382000,65,-51.62,-69.22,44.6,13.87
272,chamrajnagar,0,IN,1517382000,39,11.92,76.95,80.6,9.17
273,scarborough,44,GB,1517381400,93,54.28,-0.41,39.2,17.22
274,waipawa,92,NZ,1517385968,49,-39.94,176.59,71.87,3.6
275,zhezkazgan,75,KZ,1517382000,91,47.8,67.71,-4.01,6.71
276,mildura,92,AU,1517385968,30,-34.18,142.16,74.35,12.21
277,ilasan,32,PH,1517385969,98,14.06,121.63,78.8,13.22
278,pocone,64,BR,1517385969,98,-16.26,-56.62,72.73,2.93
279,skjervoy,0,NO,1517383200,62,70.03,20.97,24.8,13.87
280,whitehaven,90,US,1517381700,55,35.03,-90.03,35.6,9.17
281,tevriz,0,RU,1517385970,63,57.51,72.4,12.29,4.16
282,beringovskiy,56,RU,1517385971,100,63.05,179.32,15.26,5.5
283,san cristobal,75,EC,1517385600,87,-0.39,-78.55,50.0,3.36
284,pevek,0,RU,1517385973,65,69.7,170.27,3.56,2.59
285,bonthe,0,SL,1517385973,76,7.53,-12.5,80.51,3.15
286,ruteng,80,ID,1517385973,90,-8.61,120.46,75.38,9.64
287,tarakan,56,ID,1517385974,86,3.3,117.63,84.7,6.17
288,puro,56,PH,1517385974,87,13.13,123.76,78.26,5.39
289,saint-augustin,76,FR,1517383800,93,44.83,-0.61,44.6,3.36
290,mankono,0,CI,1517385975,41,8.06,-6.19,79.7,4.27
291,gladstone,8,AU,1517385976,57,-23.84,151.26,86.54,8.52
292,seddon,64,NZ,1517385976,81,-41.67,174.07,69.58,10.42
293,eirunepe,56,BR,1517385977,96,-6.66,-69.87,74.57,2.15
294,lebedinyy,64,RU,1517385977,64,58.52,125.52,-9.36,2.82
295,amahai,88,ID,1517385977,89,-3.31,129.0,88.52,11.21
296,nemuro,20,JP,1517382000,38,43.32,145.57,23.0,4.7
297,zhangye,24,CN,1517385978,58,38.94,100.46,16.57,5.5
298,wanning,75,AT,1517383200,93,48.64,13.53,35.6,4.7
299,srednekolymsk,20,RU,1517385979,66,67.46,153.71,3.11,5.61
300,bilibino,0,RU,1517385980,58,68.06,166.44,1.63,2.26
301,homer,75,US,1517381580,61,59.64,-151.54,21.2,9.17
302,finschhafen,88,PG,1517385980,57,-6.6,147.85,84.07,0.69
303,diamantino,88,BR,1517385981,97,-14.4,-56.44,72.32,2.71
304,maiduguri,0,NG,1517385981,30,11.84,13.15,70.48,10.87
305,porto novo,75,BR,1517382000,93,-23.68,-45.44,59.0,2.71
306,saldanha,0,PT,1517385983,74,41.42,-6.55,29.17,3.38
307,praia da vitoria,75,PT,1517382000,77,38.73,-27.07,59.0,11.43
308,nabire,32,ID,1517385984,79,-3.36,135.5,74.62,0.47
309,caravelas,88,BR,1517385985,99,-17.73,-39.27,81.37,18.37
310,sorong,64,ID,1517385985,100,-0.86,131.25,81.05,4.38
311,visnes,75,NO,1517383200,93,59.36,5.22,39.2,18.34
312,babati,56,TZ,1517385986,56,-4.21,35.75,81.05,4.61
313,matamoros,1,US,1517381700,87,25.87,-97.51,51.8,8.05
314,ornes,92,FR,1517383800,87,49.25,5.47,46.4,20.8
315,matara,20,PE,1517385987,100,-13.74,-72.9,40.15,1.92
316,noumea,92,NC,1517383800,74,-22.28,166.46,82.4,5.82
317,belaya gora,64,RU,1517385988,64,68.54,146.19,-21.51,3.6
318,carutapera,100,BR,1517385987,92,-1.2,-46.02,78.62,5.84
319,deputatskiy,48,RU,1517385989,65,69.3,139.9,-23.31,2.82
320,sao joao da barra,92,BR,1517385990,100,-21.64,-41.05,74.17,5.39
321,manhattan,1,US,1517381760,36,39.18,-96.57,48.2,16.11
322,xalpatlahuac,64,MX,1517385991,74,17.47,-98.62,41.45,2.15
323,te anau,88,NZ,1517385991,54,-45.41,167.72,67.42,13.56
324,atasu,20,KZ,1517385992,82,48.68,71.64,12.52,5.61
325,senj,90,HR,1517383800,93,45.35,13.91,44.6,1.12
326,guerrero negro,0,MX,1517385993,63,27.97,-114.04,54.95,3.6
327,guanambi,80,BR,1517385994,97,-14.22,-42.78,66.7,2.93
328,sibolga,44,ID,1517385994,62,1.74,98.78,82.94,2.71
329,vostok,48,RU,1517385995,72,46.45,135.83,-3.37,3.6
330,ondangwa,0,NA,1517382000,61,-17.91,15.98,78.8,3.36
331,mogadishu,40,SO,1517382000,70,2.04,45.34,84.2,19.46
332,hambantota,48,LK,1517385996,94,6.12,81.12,83.35,16.58
333,samarai,80,PG,1517385996,98,-10.62,150.67,84.02,26.31
334,ciudad bolivar,24,VE,1517385997,71,8.12,-63.55,76.1,11.99
335,karasburg,8,NA,1517385997,69,-28.01,18.75,69.44,5.17
336,gramada,0,RS,1517383800,76,42.4,21.69,35.6,1.81
337,grabovo,92,RU,1517385998,91,53.37,45.07,16.16,14.45
338,kiruna,90,SE,1517383200,92,67.86,20.23,12.2,3.04
339,narrabri,36,AU,1517385999,61,-30.33,149.78,75.47,3.71
340,fort nelson,90,CA,1517382000,76,58.81,-122.69,-7.61,3.36
341,hasaki,75,JP,1517383800,39,35.73,140.83,44.6,5.82
342,unity,36,CA,1517386000,82,52.44,-109.15,1.94,14.0
343,leningradskiy,8,RU,1517386000,83,69.38,178.42,13.64,12.66
344,balikpapan,20,ID,1517382000,79,-1.24,116.86,86.0,6.93
345,manavalakurichi,20,IN,1517383800,70,8.13,77.3,87.8,8.05
346,yuli,0,NG,1517386001,51,10.52,9.86,65.03,5.39
347,kutum,0,SD,1517386002,41,14.2,24.66,59.95,12.77
348,sao filipe,32,CV,1517386002,100,14.9,-24.5,68.09,20.27
349,margate,20,AU,1517383800,38,-43.03,147.26,59.0,18.34
350,portland,90,US,1517381760,100,45.52,-122.67,39.2,2.37
351,mnogovershinnyy,20,RU,1517386005,47,53.94,139.92,-2.43,7.07
352,jutai,56,BR,1517386005,98,-1.71,-47.89,73.13,2.48
353,saint-francois,0,FR,1517383800,100,46.42,3.91,37.4,5.82
354,devils lake,1,US,1517381760,78,48.11,-98.87,12.2,19.46
355,tsaratanana,92,MG,1517386007,97,-16.8,47.65,78.13,3.6
356,santo tomas,80,PH,1517386007,92,17.4,121.77,73.18,4.5
357,traverse city,90,US,1517381700,73,44.76,-85.62,28.4,8.05
358,alofi,88,NU,1517382000,88,-19.06,-169.92,82.4,14.99
359,solnechnyy,0,RU,1517386009,79,50.72,136.64,-12.78,5.73
360,novopavlovka,44,RU,1517386009,60,51.21,109.22,2.75,7.18
361,zanjan,0,IR,1517382000,63,36.67,48.48,26.6,11.41
362,ayan,12,TR,1517386010,72,40.67,33.6,39.43,3.38
363,davila,20,PH,1517382000,55,18.47,120.58,87.8,6.93
364,hirara,75,JP,1517384520,88,24.8,125.28,69.8,18.34
365,peruibe,76,BR,1517386012,100,-24.32,-47.0,76.19,9.53
366,san ramon,48,NI,1517386012,86,12.92,-85.84,65.48,5.17
367,oxbow,90,CA,1517382000,84,49.23,-102.17,8.6,12.75
368,eureka,1,US,1517381700,87,40.8,-124.16,44.6,3.36
369,kudahuvadhoo,64,MV,1517386014,100,2.67,72.89,81.5,11.65
370,surt,92,LY,1517386014,93,31.21,16.59,58.64,2.93
371,popondetta,92,PG,1517386015,71,-8.77,148.24,75.56,1.7
372,ilihan,40,PH,1517382000,58,10.91,123.97,86.0,9.17
373,sete,0,NP,1517386016,59,27.58,86.44,52.34,1.36
374,gornyy,92,RU,1517386016,82,51.76,48.54,7.79,20.49
375,ballinrobe,40,IE,1517383800,80,53.62,-9.22,33.8,23.04
376,lamar,1,US,1517381580,23,38.09,-102.62,51.8,14.99
377,salalah,0,OM,1517381400,26,17.01,54.1,78.8,13.87
378,baykit,24,RU,1517386018,70,61.68,96.39,-6.21,2.82
379,camacha,40,PT,1517383800,72,33.08,-16.33,60.8,24.16
380,auki,0,NG,1517386019,30,12.18,6.51,70.34,17.92
381,souillac,92,FR,1517383800,81,45.6,-0.6,46.4,4.7
382,san angelo,1,US,1517381460,34,31.46,-100.44,51.8,24.16
383,port macquarie,90,AU,1517383800,88,-31.43,152.91,66.2,12.75
384,sotouboua,0,TG,1517386021,37,8.56,0.98,76.15,8.19
385,campo verde,40,PE,1517385600,88,-8.47,-74.81,78.8,4.7
386,chifeng,0,CN,1517386022,39,42.27,118.96,18.37,5.95
387,nouadhibou,0,MR,1517382000,76,20.93,-17.03,57.2,9.17
388,virginia beach,1,US,1517381940,53,36.85,-75.98,26.6,11.41
389,bluefields,92,NI,1517386024,90,12.01,-83.77,74.98,6.73
390,klaksvik,48,FO,1517383200,69,62.23,-6.59,35.6,28.86
391,edd,0,ER,1517386025,29,13.93,41.69,84.88,6.73
392,paso de los toros,12,UY,1517386025,87,-32.81,-56.52,68.32,11.99
393,ostrovnoy,68,RU,1517386026,91,68.05,39.51,10.63,2.71
394,hokitika,80,NZ,1517386026,100,-42.72,170.96,67.15,15.9
395,lazaro cardenas,8,MX,1517386026,75,28.39,-105.62,37.76,3.04
396,bodden town,80,KY,1517386027,100,19.28,-81.25,77.23,23.85
397,alta floresta,68,BR,1517386027,98,-9.87,-56.08,71.96,2.15
398,rosetown,56,CA,1517385970,73,51.55,-107.99,4.64,11.99
399,recreio,92,BR,1517386028,100,-21.52,-42.47,68.72,4.16
400,sola,90,FI,1517383200,92,62.78,29.36,14.0,4.7
401,praia,90,BR,1517382000,88,-20.25,-43.81,69.8,3.36
402,moranbah,56,AU,1517386030,35,-22.0,148.04,90.82,4.16
403,pauini,64,BR,1517386030,96,-7.71,-67.0,75.7,2.71
404,grindavik,0,IS,1517383800,74,63.84,-22.43,30.2,14.99
405,santiago,0,CL,1517382000,55,-33.44,-70.65,64.4,3.36
406,lasa,20,CY,1517383800,72,34.92,32.53,59.0,4.7
407,sept-iles,90,CA,1517382000,49,50.2,-66.38,3.2,20.8
408,tokur,0,RU,1517386032,55,53.13,132.9,-20.56,2.59
409,dakar,8,SN,1517382000,82,14.69,-17.45,62.6,14.99
410,half moon bay,90,US,1517381760,87,37.46,-122.43,53.6,4.7
411,bandarbeyla,0,SO,1517386034,100,9.49,50.81,75.97,19.6
412,san felipe,0,CL,1517382000,55,-32.75,-70.73,64.4,3.36
413,botad,0,IN,1517386035,31,22.17,71.67,90.28,5.61
414,puerto escondido,32,MX,1517386035,100,15.86,-97.07,81.23,7.52
415,burnie,0,AU,1517386036,100,-41.05,145.91,65.17,9.19
416,pitimbu,40,BR,1517385600,83,-7.47,-34.81,77.0,4.7
417,bronnoysund,0,NO,1517383200,64,65.46,12.2,33.8,27.51
418,broome,20,GB,1517384160,87,52.47,1.45,46.4,19.46
419,porbandar,0,IN,1517382000,31,21.64,69.61,87.8,5.28
420,hofn,0,IS,1517386039,100,64.25,-15.21,35.2,24.96
421,torquay,20,GB,1517383200,81,50.47,-3.52,48.2,16.11
422,ayagoz,0,KZ,1517386039,84,47.96,80.43,15.71,12.21
423,henties bay,20,NA,1517386040,100,-22.12,14.28,64.72,4.27
424,havelock,1,US,1517381880,58,34.88,-76.9,28.4,11.43
425,naples,1,US,1517381580,76,26.14,-81.79,48.2,8.05
426,port blair,0,IN,1517385904,100,11.67,92.75,81.28,11.65
427,ekhabi,48,RU,1517386042,88,53.51,142.97,2.12,8.52
428,duluth,90,US,1517381700,68,46.77,-92.13,28.4,3.36
429,jinsha,90,CN,1517382000,93,24.49,118.41,53.6,2.24
430,kinablangan,88,PH,1517386043,100,7.69,126.55,75.65,14.0
431,cap malheureux,40,MU,1517382000,70,-19.98,57.61,86.0,12.75
432,louis trichardt,0,ZA,1517382000,5,-23.04,29.91,80.6,11.41
433,listvyanka,40,RU,1517383800,65,51.86,104.86,8.6,13.42
434,oleksandrivka,80,UA,1517386045,95,48.74,37.49,31.78,19.93
435,baijiantan,0,CN,1517386046,65,45.63,85.18,-8.91,2.71
436,nizhniy kuranakh,64,RU,1517386046,64,58.84,125.49,-9.36,2.82
437,aberdeen,40,US,1517381580,64,45.47,-98.49,37.4,14.99
438,chapais,75,CA,1517384520,75,49.78,-74.86,-20.21,3.36
439,santa cruz,1,US,1517381760,76,36.97,-122.03,53.6,4.7
440,bontang,88,ID,1517386050,91,0.12,117.47,84.29,7.18
441,santa cruz del sur,80,CU,1517386050,81,20.71,-78.0,71.87,13.67
442,kalmar,40,SE,1517383200,93,56.66,16.36,37.4,11.41
443,vangaindrano,0,MG,1517386052,80,-23.35,47.6,89.24,4.72
444,oromocto,90,CA,1517384700,78,45.85,-66.47,10.4,11.41
445,kawalu,88,ID,1517386054,79,-7.38,108.21,74.75,1.48
446,mabama,0,SL,1517386054,57,8.94,-11.9,78.08,4.72
447,san policarpo,80,PH,1517386054,93,12.18,125.51,80.38,10.76
448,san ignacio,0,CL,1517385600,66,-36.8,-72.03,53.6,11.41
449,gigmoto,88,PH,1517386056,100,13.78,124.39,79.3,9.31
450,barreirinhas,0,BR,1517386056,90,-2.75,-42.83,77.72,9.53
451,fare,68,PF,1517386057,97,-16.7,-151.02,83.21,6.62
452,chumikan,32,RU,1517386057,49,54.72,135.31,-2.92,14.56
453,nome,1,US,1517384100,86,30.04,-94.42,42.8,3.18
454,coihaique,90,CL,1517385600,81,-45.58,-72.07,48.2,6.93
455,maumere,56,ID,1517386068,98,-8.63,122.22,81.55,21.72
456,purpe,88,RU,1517386068,83,64.48,76.69,5.81,12.77
457,itaituba,68,BR,1517386068,92,-4.26,-55.99,75.52,2.15
458,villarrica,0,CL,1517386069,90,-39.28,-72.23,35.78,1.92
459,ixtapa,90,MX,1517385000,73,20.71,-105.21,69.8,1.92
460,sari,0,IR,1517382000,45,36.57,53.06,48.2,2.24
461,mattru,0,SL,1517386070,65,7.62,-11.83,78.67,3.71
462,quatre cocos,40,MU,1517382000,70,-20.21,57.76,86.0,12.75
463,kungurtug,32,RU,1517386071,50,50.6,97.53,-7.83,8.86
464,crotone,0,IT,1517386072,100,39.09,17.12,54.41,1.81
465,siguiri,8,GN,1517386072,32,11.42,-9.17,79.07,9.42
466,pyaozerskiy,80,RU,1517386073,90,65.83,31.17,16.79,4.61
467,beya,0,RU,1517386073,54,53.05,90.92,11.3,1.92
468,waingapu,88,ID,1517386073,82,-9.65,120.26,79.61,10.42
469,elban,0,RU,1517386074,60,50.1,136.51,-13.0,6.73
470,gushikawa,75,JP,1517383800,64,26.35,127.87,68.0,9.17
471,itoman,75,JP,1517383800,64,26.12,127.67,68.0,9.17
472,miri,0,NG,1517386075,33,10.31,9.75,68.54,7.18
473,santa luzia,90,BR,1517382000,88,-19.77,-43.85,69.8,3.36
474,west monroe,1,US,1517381700,69,32.52,-92.15,35.6,4.7
475,vaasa,36,FI,1517383200,92,63.1,21.62,21.2,4.7
476,soe,0,EE,1517381400,79,57.91,26.05,24.8,1.12
477,galesong,20,ID,1517385600,66,-5.32,119.37,87.8,9.17
478,birjand,40,IR,1517382000,86,32.86,59.22,33.8,5.73
479,narsaq,0,GL,1517381400,57,60.91,-46.05,17.6,4.7
480,pedasi,0,PA,1517386080,97,7.53,-80.03,81.82,23.85
